cluster_ids,ids,response
65,68783,'2'
17,21619,'3'
23,25579,'3'
121,120550,'2'
355,355430,'2'
83,84440,'3'
156,159039,'2'
149,151201,'3'
147,146038,'1'
280,280187,'3'
252,247212,'2'
145,146536,'2'
301,304880,'2'
375,374926,'3'
243,240966,'3'
361,360599,'2'
81,86750,'1'
255,247031,'1'
178,181388,'2'
237,238794,'1'
368,371454,'1'
343,344851,'3'
247,249372,'1'
78,82891,'3'
308,309335,'2'
382,381433,'1'
103,104720,'2'
177,182025,'2'
290,291428,'2'
141,143955,'2'
302,305457,'1'
69,70680,'2'
329,324737,'2'
49,52326,'2'
50,49566,'2'
271,273798,'2'
299,297409,'2'
61,65305,'2'
350,350281,'3'
180,180344,'4'
34,39554,'3'
201,201094,'3'
143,146607,'2'
154,154098,'2'
119,123522,'2'
362,365950,'4'
131,134281,'3'
71,73125,'2'
89,94658,'2'
294,293764,'2'
233,230429,'2'
133,134137,'2'
339,339192,'3'
146,145516,'2'
170,172388,'3'
16,18780,'2'
266,263629,'3'
303,300996,'2'
196,198878,'4'
3,975,'4'
352,349018,'3'
136,139024,'3'
347,342144,'3'
346,347444,'3'
58,54949,'3'
287,282532,'2'
220,216714,'2'
274,272889,'3'
18,23770,'4'
376,374245,'3'
91,93053,'2'
45,49504,'3'
51,49018,'1'
212,214802,'1'
184,189842,'1'
113,117120,'1'
175,174722,'2'
169,170486,'4'
15,22930,'4'
288,285081,'3'
153,152181,'2'
378,373856,'2'
209,205505,'1'
195,195541,'3'
200,199805,'2'
236,237894,'1'
148,148253,'3'
79,78469,'1'
142,141664,'3'
35,41627,'4'
80,80876,'4'
27,35224,'3'
68,66347,'3'
152,151360,'4'
248,246941,'4'
86,89720,'3'
370,371792,'4'
10,6748,'3'
298,296963,'1'
358,354206,'3'
342,343025,'3'
246,243446,'3'
240,239655,'3'
162,164873,'3'
70,70585,'4'
273,273085,'2'
173,169410,'3'
269,269233,'3'
234,231711,'2'
373,373915,'3'
77,80688,'3'
179,184453,'3'
312,308313,'2'
193,197558,'2'
360,358910,'3'
47,48769,'4'
292,288214,'1'
140,143723,'2'
159,157738,'3'
22,29269,'2'
62,60280,'3'
222,220533,'3'
309,310422,'4'
276,270196,'2'
88,93115,'3'
126,130479,'2'
100,104063,'3'
46,51680,'2'
227,224691,'1'
172,172120,'2'
250,250407,'3'
317,313679,'3'
207,209239,'2'
380,380693,'2'
165,166959,'2'
320,321421,'2'
192,192449,'3'
242,241542,'2'
322,322798,'2'
155,156613,'2'
204,207609,'2'
272,270967,'3'
349,349483,'2'
74,75586,'2'
21,25271,'4'
229,228218,'2'
291,290022,'e'
254,246219,'3'
183,189748,'2'
340,337801,'3'
327,328158,'3'
138,142153,'4'
199,200003,'3'
369,366511,'3'
221,218773,'3'
37,41916,'4'
256,257938,'2'
188,186062,'2'
85,87586,'2'
351,353168,'4'
330,328110,'3'
318,319314,'4'
186,190101,'1'
265,259710,'2'
73,74179,'4'
76,74639,'3'
185,188343,'1'
105,108115,'4'
238,237999,'4'
213,214815,'3'
164,166037,'3'
26,26185,'2'
304,301955,'3'
321,320690,'4'
2,4317,'3'
38,38297,'3'
31,31262,'1'
111,113701,'2'
328,324650,'2'
125,130678,'2'
158,159661,'2'
117,119373,'1'
371,370838,'2'
72,74564,'2'
1,379,'3'
225,225850,'2'
326,325253,'2'
341,337903,'3'
44,42957,'2'
313,311874,'3'
13,17025,'2'
307,301080,'2'
278,280438,'3'
384,379910,'2'
104,106840,'3'
244,244328,'2'
20,21927,'2'
132,132960,'2'
122,122152,'4'
163,166881,'3'
151,151677,'2'
197,201755,'3'
216,215464,'4'
60,62794,'3'
101,106656,'2'
297,299168,'2'
116,118574,'3'
19,22181,'3'
90,94797,'3'
316,312983,'2'
112,118531,'2'
134,136760,'2'
228,225351,'3'
174,173312,'4'
264,258896,'3'
48,51850,'3'
124,130126,'3'
324,325887,'2'
241,245685,'3'
42,44075,'2'
282,279836,'4'
171,170821,'3'
109,112714,'1'
315,316656,'5'
374,376031,'3'
127,130302,'5'
157,160773,'2'
203,209601,'2'
281,277219,'3'
84,89302,'3'
366,360660,'4'
11,6195,'2'
300,297634,'2'
168,168701,'4'
217,214057,'3'
107,112884,'2'
275,273278,'1'
97,96348,'1'
214,215833,'1'
114,117247,'1'
25,25965,'1'
66,69371,'4'
310,307370,'5'
150,151275,'3'
356,356124,'1'
325,328714,'2'
87,91446,'2'
267,264335,'1'
284,282905,'1'
7,8273,'2'
251,250187,'2'
249,248405,'3'
205,205859,'5'
93,98506,'4'
381,382181,'5'
305,302671,'4'
5,3864,'5'
231,231272,'4'
123,120264,'3'
176,178047,'4'
357,354161,'3'
323,321016,'5'
218,218537,'4'
129,131874,'1'
99,107981,'2'
135,141928,'4'
208,205145,'3'
223,218296,'1'
82,89591,'1'
348,345166,'1'
98,98529,'4'
54,55957,'2'
364,360192,'3'
211,211665,'3'
257,256044,'1'
253,251488,'3'
345,347017,'3'
12,9555,'3'
187,186697,'2'
333,334176,'1'
293,291374,'2'
383,378432,'3'
279,276352,'2'
160,158314,'2'
335,334526,'2'
95,100002,'3'
41,43599,'3'
334,331027,'2'
235,236120,'3'
337,339288,'3'
137,140755,'4'
332,332398,'1'
296,297610,'2'
365,363383,'3'
311,309124,'3'
289,287529,'2'
206,208696,'2'
295,296646,'3'
118,121123,'2'
319,323775,'3'
363,365970,'2'
353,348235,'2'
263,258469,'3'
67,71958,'4'
28,35875,'3'
226,225952,'3'
96,101156,'3'
283,279151,'2'
53,53645,'2'
24,25757,'2'
36,39716,'3'
314,313573,'2'
29,34271,'3'
367,370083,'3'
245,241225,'2'
232,228368,'4'
379,381238,'2'
377,375245,'3'
64,62888,'2'
6,4945,'3'
166,165037,'2'
161,164306,'3'
270,264270,'2'
110,112553,'2'
33,40074,'3'
359,354929,'3'
336,340722,'4'
182,181908,'2'
94,97941,'3'
14,15071,'3'
30,34567,'3'
306,303510,'2'
268,267289,'3'
262,258585,'2'
102,106903,'4'
285,286168,'3'
120,125570,'2'
372,366937,'4'
92,93254,'3'
4,5566,'2'
194,195644,'3'
75,74697,'2'
224,223085,'2'
63,60637,'3'
261,259774,'3'
230,231994,'3'
139,138428,'3'
181,183987,'3'
286,283488,'2'
106,112894,'3'
198,202426,'4'
190,197358,'3'
128,128022,'2'
43,45817,'4'
258,255497,'5'
219,217896,'2'
215,213386,'3'
354,348182,'4'
202,208448,'2'
239,234134,'3'
130,134823,'3'
52,51090,'4'
144,144631,'4'
191,197578,'4'
39,43065,'3'
189,192890,'3'
59,60115,'1'
210,208695,'1'
277,272400,'3'
115,114247,'2'
40,46370,'4'
331,332607,'1'
55,54167,'2'
32,33300,'3'
344,342832,'4'
338,338008,'4'
9,9857,'1'
167,164509,'2'
108,108700,'3'
260,256087,'4'
8,6518,[]
259,254598,[]
57,57855,[]
56,55580,[]